actiune,timestamp
SearchMeniuId, 1620398628072,
SearchMeniuId, 1620398628074,
SearchMeniuId, 1620398628074,
SearchMeniuId, 1620398628074,
SearchMeniuId, 1620398634766,
PrintProducts, 1620398634767,
SearchMeniuId, 1620417648245,
SearchMeniuId, 1620417648246,
SearchMeniuId, 1620417648247,
SearchMeniuId, 1620417648247,
createMeniu, 1620417665478,
SearchMeniuId, 1620417687555,
createProduct, 1620417690955,
SearchMeniuId, 1620418344471,
SearchMeniuId, 1620418344473,
SearchMeniuId, 1620418344473,
SearchMeniuId, 1620418344474,
SearchMeniuId, 1620418354946,
PrintProducts, 1620418354947,
SearchMeniuId, 1620418372626,
createProduct, 1620418376421,
SearchMeniuId, 1620418386056,
createProduct, 1620418387867,
SearchMeniuId, 1620418700134,
SearchMeniuId, 1620418700136,
SearchMeniuId, 1620418700136,
SearchMeniuId, 1620418700136,
SearchMeniuId, 1620418700137,
SearchMeniuId, 1620418700137,
createMeniu, 1620418714953,
SearchMeniuId, 1620418801778,
SearchMeniuId, 1620418801780,
SearchMeniuId, 1620418801780,
SearchMeniuId, 1620418801781,
SearchMeniuId, 1620418801781,
SearchMeniuId, 1620418801781,
SearchMeniuId, 1620418810546,
PrintProducts, 1620418810546,
createMeniu, 1620418819593,
createMeniu, 1620418833702,
SearchMeniuId, 1620418856181,
createProduct, 1620418860045,
SearchMeniuId, 1620418865959,
SearchMeniuId, 1620418865960,
SearchMeniuId, 1620418865961,
SearchMeniuId, 1620418865961,
SearchMeniuId, 1620418865961,
SearchMeniuId, 1620418865962,
SearchMeniuId, 1620418865962,
SearchMeniuId, 1620418999570,
SearchMeniuId, 1620418999572,
SearchMeniuId, 1620418999572,
SearchMeniuId, 1620418999573,
SearchMeniuId, 1620418999573,
SearchMeniuId, 1620418999573,
SearchMeniuId, 1620418999574,
SearchMenuId, 1622133705738,
SearchMenuId, 1622133705743,
SearchMenuId, 1622133705744,
SearchMenuId, 1622133705745,
SearchMenuId, 1622133705746,
SearchMenuId, 1622133705747,
SearchMenuId, 1622133705747,
SearchMenuId, 1622133750550,
createProduct, 1622133755033,
createMenu, 1622133766252,
MenusCost, 1622133782536,
SearchMenuId, 1622133800107,
PrintProducts, 1622133800108,
SearchMenuId, 1622133812507,
PrintProducts, 1622133812509,
SearchMenuId, 1622144811710,
SearchMenuId, 1622144811711,
SearchMenuId, 1622144811711,
SearchMenuId, 1622144811712,
SearchMenuId, 1622144811712,
SearchMenuId, 1622144811713,
SearchMenuId, 1622144811713,
SearchMenuId, 1622144823784,
PrintProducts, 1622144823784,
MenusCost, 1622144864811,
createMenu, 1622144901300,
createMenu, 1622144913564,
MenusCost, 1622144929459,
SearchMenuId, 1622144959507,
createProduct, 1622144966083,
SearchMenuId, 1622145077676,
SearchMenuId, 1622145077677,
SearchMenuId, 1622145077677,
SearchMenuId, 1622145077678,
SearchMenuId, 1622145077678,
SearchMenuId, 1622145077678,
SearchMenuId, 1622145077679,
SearchMenuId, 1622152469289,
SearchMenuId, 1622152469289,
SearchMenuId, 1622152469289,
SearchMenuId, 1622152469289,
SearchMenuId, 1622152469289,
SearchMenuId, 1622152469289,
SearchMenuId, 1622152480802,
PrintProducts, 1622152480802,
SearchMenuId, 1622152489922,
PrintProducts, 1622152489922,
SearchMenuId, 1622152494207,
PrintProducts, 1622152494207,
SearchMenuId, 1622152498812,
PrintProducts, 1622152498812,
MenusCost, 1622152561308,
SearchMenuId, 1622152621501,
SearchMenuId, 1622152621503,
SearchMenuId, 1622152621503,
SearchMenuId, 1622152621503,
SearchMenuId, 1622152621503,
SearchMenuId, 1622152621503,
SearchMenuId, 1622152633445,
SearchMenuId, 1622152633445,
SearchMenuId, 1622152633445,
SearchMenuId, 1622152633445,
SearchMenuId, 1622152633445,
SearchMenuId, 1622152633445,
SearchMenuId, 1622152648746,
SearchMenuId, 1622152648746,
SearchMenuId, 1622152648746,
SearchMenuId, 1622152648746,
SearchMenuId, 1622152648746,
SearchMenuId, 1622152648746,
SearchMenuId, 1622152653647,
SearchMenuId, 1622153226932,
SearchMenuId, 1622153226932,
SearchMenuId, 1622153226932,
SearchMenuId, 1622153226932,
SearchMenuId, 1622153226932,
SearchMenuId, 1622153226932,
createMenu, 1622153237689,
SearchMenuId, 1622153248515,
createProduct, 1622153253298,
SearchMenuId, 1622153690730,
SearchMenuId, 1622153690730,
SearchMenuId, 1622153690730,
SearchMenuId, 1622153690730,
SearchMenuId, 1622153690730,
createMenu, 1622153700822,
createMenu, 1622153723072,
SearchMenuId, 1622153729904,
createProduct, 1622153733599,
SearchMenuId, 1622154257363,
SearchMenuId, 1622154257363,
SearchMenuId, 1622154257363,
SearchMenuId, 1622154257363,
SearchMenuId, 1622154257363,
createMenu, 1622154262443,
SearchMenuId, 1622154269310,
createProduct, 1622154271946,
SearchMenuId, 1622154398660,
SearchMenuId, 1622154398660,
SearchMenuId, 1622154398660,
SearchMenuId, 1622154398660,
SearchMenuId, 1622154398660,
SearchMenuId, 1622154398660,
SearchMenuId, 1622154571028,
SearchMenuId, 1622154614024,
SearchMenuId, 1622154614024,
SearchMenuId, 1622154614024,
SearchMenuId, 1622154614024,
SearchMenuId, 1622154614024,
createMenu, 1622154623859,
SearchMenuId, 1622154630686,
createProduct, 1622154633478,
SearchMenuId, 1622154637325,
PrintProducts, 1622154637325,
SearchMenuId, 1622155226588,
SearchMenuId, 1622155226588,
SearchMenuId, 1622155226588,
SearchMenuId, 1622155226588,
SearchMenuId, 1622155226588,
SearchMenuId, 1622155226588,
createMenu, 1622155249716,
createMenu, 1622155255529,
createMenu, 1622155269134,
SearchMenuId, 1622155393955,
SearchMenuId, 1622155393955,
SearchMenuId, 1622155393955,
SearchMenuId, 1622155393955,
SearchMenuId, 1622155393955,
SearchMenuId, 1622155393955,
createMenu, 1622155400630,
MenusCost, 1622155418899,
createMenu, 1622155433345,
createMenu, 1622155438581,
MenusCost, 1622155447411,
MenusCost, 1622155464220,
createMenu, 1622155479588,
MenusCost, 1622155490987,
createMenu, 1622155506413,
MenusCost, 1622155510013,
SearchMenuId, 1622155555483,
SearchMenuId, 1622155555483,
SearchMenuId, 1622155555483,
SearchMenuId, 1622155555483,
SearchMenuId, 1622155555483,
SearchMenuId, 1622155555483,
MenusCost, 1622155560564,
createMenu, 1622155567998,
MenusCost, 1622155583492,
MenusCost, 1622155628522,
MenusCost, 1622155648035,
SearchMenuId, 1622155710624,
PrintProducts, 1622155710624,
SearchMenuId, 1622155865844,
SearchMenuId, 1622155865844,
SearchMenuId, 1622155865844,
SearchMenuId, 1622155865844,
SearchMenuId, 1622155865844,
SearchMenuId, 1622155865844,
MenusCost, 1622155870554,
createMenu, 1622155883329,
MenusCost, 1622155886706,
MenusCost, 1622156003888,
createMenu, 1622156022668,
createMenu, 1622156028102,
createMenu, 1622156031871,
SearchMenuId, 1622156128660,
SearchMenuId, 1622156128660,
SearchMenuId, 1622156128660,
SearchMenuId, 1622156128660,
SearchMenuId, 1622156128660,
SearchMenuId, 1622156128660,
MenusCost, 1622156133777,
SearchMenuId, 1622156155810,
SearchMenuId, 1622156155810,
SearchMenuId, 1622156155810,
SearchMenuId, 1622156155810,
SearchMenuId, 1622156155810,
SearchMenuId, 1622156155810,
MenusCost, 1622156159452,
createMenu, 1622156175962,
createMenu, 1622156185309,
createMenu, 1622156190984,
MenusCost, 1622156194623,
createMenu, 1622156197005,
createMenu, 1622156205334,
MenusCost, 1622156234021,
SearchMenuId, 1622156246090,
PrintProducts, 1622156246090,
SearchMenuId, 1622156252071,
createProduct, 1622156253412,
SearchMenuId, 1622156258621,
createProduct, 1622156262829,
SearchMenuId, 1622156266718,
createProduct, 1622156268888,
SearchMenuId, 1622156273250,
createProduct, 1622156274224,
SearchMenuId, 1622156277203,
createProduct, 1622156280609,
SearchMenuId, 1622156284971,
createProduct, 1622156287003,
SearchMenuId, 1622156301254,
createProduct, 1622156305761,
SearchMenuId, 1622156419975,
SearchMenuId, 1622156419975,
SearchMenuId, 1622156419975,
SearchMenuId, 1622156419975,
SearchMenuId, 1622156419990,
SearchMenuId, 1622156419990,
SearchMenuId, 1622156419990,
SearchMenuId, 1622156419990,
SearchMenuId, 1622156419990,
SearchMenuId, 1622156419990,
SearchMenuId, 1622156419990,
SearchMenuId, 1622156419990,
SearchMenuId, 1622156419990,
SearchMenuId, 1622156424166,
PrintProducts, 1622156424166,
SearchMenuId, 1622156437159,
createProduct, 1622156441568,
SearchMenuId, 1622156447434,
createProduct, 1622156448395,
SearchMenuId, 1622156452281,
createProduct, 1622156455080,
SearchMenuId, 1622156459812,
MenusCost, 1622156467578,
MenusCost, 1622156485556,
SearchMenuId, 1622156534609,
SearchMenuId, 1622156534609,
SearchMenuId, 1622156534609,
SearchMenuId, 1622156534609,
SearchMenuId, 1622156534609,
SearchMenuId, 1622156534609,
SearchMenuId, 1622156534609,
SearchMenuId, 1622156534609,
SearchMenuId, 1622156534609,
SearchMenuId, 1622156534609,
SearchMenuId, 1622156534609,
SearchMenuId, 1622156534609,
SearchMenuId, 1622156534609,
SearchMenuId, 1622156534609,
SearchMenuId, 1622156534609,
SearchMenuId, 1622156651308,
SearchMenuId, 1622156651308,
SearchMenuId, 1622156651308,
SearchMenuId, 1622156651308,
SearchMenuId, 1622156651308,
SearchMenuId, 1622156651308,
SearchMenuId, 1622156651308,
SearchMenuId, 1622156651308,
SearchMenuId, 1622156651308,
SearchMenuId, 1622156651308,
SearchMenuId, 1622156651308,
SearchMenuId, 1622156651308,
SearchMenuId, 1622156651308,
SearchMenuId, 1622156651308,
SearchMenuId, 1622156651308,
MenusCost, 1622156664973,
SearchMenuId, 1622156780722,
SearchMenuId, 1622156780723,
SearchMenuId, 1622156780723,
SearchMenuId, 1622156780724,
SearchMenuId, 1622156780724,
SearchMenuId, 1622156780724,
SearchMenuId, 1622156780724,
SearchMenuId, 1622156780725,
SearchMenuId, 1622156780725,
SearchMenuId, 1622156780725,
SearchMenuId, 1622156780726,
SearchMenuId, 1622156780726,
SearchMenuId, 1622156780726,
SearchMenuId, 1622156780726,
SearchMenuId, 1622156780727,
SearchMenuId, 1622156793790,
SearchMenuId, 1622156877247,
SearchMenuId, 1622156877247,
SearchMenuId, 1622156877247,
SearchMenuId, 1622156877247,
SearchMenuId, 1622156877247,
SearchMenuId, 1622156877247,
SearchMenuId, 1622156877247,
SearchMenuId, 1622156877247,
SearchMenuId, 1622156877247,
SearchMenuId, 1622156877247,
SearchMenuId, 1622156877247,
SearchMenuId, 1622156877247,
SearchMenuId, 1622156877247,
SearchMenuId, 1622156877247,
SearchMenuId, 1622156877247,
SearchMenuId, 1622156898185,
Command, 1622156898185,
MenusCost, 1622156914155,
SearchMenuId, 1622156934717,
SearchMenuId, 1622156955356,
SearchMenuId, 1622156955356,
SearchMenuId, 1622156955356,
SearchMenuId, 1622156955356,
SearchMenuId, 1622156955356,
SearchMenuId, 1622156955356,
SearchMenuId, 1622156955356,
SearchMenuId, 1622156955356,
SearchMenuId, 1622156955356,
SearchMenuId, 1622156955356,
SearchMenuId, 1622156955356,
SearchMenuId, 1622156955356,
SearchMenuId, 1622156955356,
SearchMenuId, 1622156955356,
SearchMenuId, 1622156955356,
SearchMenuId, 1622156962719,
SearchMenuId, 1622157112658,
SearchMenuId, 1622157112658,
SearchMenuId, 1622157112658,
SearchMenuId, 1622157112658,
SearchMenuId, 1622157112665,
SearchMenuId, 1622157112665,
SearchMenuId, 1622157112665,
SearchMenuId, 1622157112665,
SearchMenuId, 1622157112665,
SearchMenuId, 1622157112665,
SearchMenuId, 1622157112665,
SearchMenuId, 1622157112665,
SearchMenuId, 1622157112665,
SearchMenuId, 1622157112665,
SearchMenuId, 1622157112665,
SearchMenuId, 1622157118402,
PrintProducts, 1622157118402,
SearchMenuId, 1622157140220,
PrintProducts, 1622157140220,
SearchMenuId, 1622157144113,
PrintProducts, 1622157144113,
SearchMenuId, 1622157154149,
PrintProducts, 1622157154149,
SearchMenuId, 1622157162008,
PrintProducts, 1622157162008,
SearchMenuId, 1622157165148,
PrintProducts, 1622157165148,
SearchMenuId, 1622157171176,
PrintProducts, 1622157171176,
SearchMenuId, 1622157180363,
SearchMenuId, 1622157215259,
SearchMenuId, 1622157215259,
SearchMenuId, 1622157215259,
SearchMenuId, 1622157215259,
SearchMenuId, 1622157215259,
SearchMenuId, 1622157215259,
SearchMenuId, 1622157215259,
SearchMenuId, 1622157215259,
SearchMenuId, 1622157215259,
SearchMenuId, 1622157215259,
SearchMenuId, 1622157215259,
SearchMenuId, 1622157215259,
SearchMenuId, 1622157215259,
SearchMenuId, 1622157215259,
SearchMenuId, 1622157215259,
SearchMenuId, 1622157219686,
PrintProducts, 1622157219686,
SearchMenuId, 1622157376931,
SearchMenuId, 1622157376931,
SearchMenuId, 1622157376931,
SearchMenuId, 1622157376931,
SearchMenuId, 1622157376931,
SearchMenuId, 1622157376931,
SearchMenuId, 1622157376931,
SearchMenuId, 1622157376931,
SearchMenuId, 1622157376947,
SearchMenuId, 1622157376947,
SearchMenuId, 1622157376947,
SearchMenuId, 1622157376947,
SearchMenuId, 1622157376947,
SearchMenuId, 1622157376947,
SearchMenuId, 1622157376947,
SearchMenuId, 1622157412732,
SearchMenuId, 1622157412732,
SearchMenuId, 1622157412732,
SearchMenuId, 1622157412732,
SearchMenuId, 1622157412732,
SearchMenuId, 1622157412732,
SearchMenuId, 1622157412732,
SearchMenuId, 1622157412732,
SearchMenuId, 1622157412739,
SearchMenuId, 1622157412739,
SearchMenuId, 1622157412739,
SearchMenuId, 1622157412739,
SearchMenuId, 1622157412739,
SearchMenuId, 1622157412739,
SearchMenuId, 1622157412739,
SearchMenuId, 1622157427562,
SearchMenuId, 1622157508361,
SearchMenuId, 1622157508361,
SearchMenuId, 1622157508361,
SearchMenuId, 1622157508361,
SearchMenuId, 1622157508361,
SearchMenuId, 1622157508361,
SearchMenuId, 1622157508361,
SearchMenuId, 1622157508377,
SearchMenuId, 1622157508377,
SearchMenuId, 1622157508377,
SearchMenuId, 1622157508377,
SearchMenuId, 1622157508377,
SearchMenuId, 1622157508377,
SearchMenuId, 1622157508377,
SearchMenuId, 1622157508377,
SearchMenuId, 1622157512588,
PrintProducts, 1622157512588,
SearchMenuId, 1622157660981,
SearchMenuId, 1622157660981,
SearchMenuId, 1622157660981,
SearchMenuId, 1622157660981,
SearchMenuId, 1622157660981,
SearchMenuId, 1622157660981,
SearchMenuId, 1622157660981,
SearchMenuId, 1622157660981,
SearchMenuId, 1622157660997,
SearchMenuId, 1622157660997,
SearchMenuId, 1622157660997,
SearchMenuId, 1622157660997,
SearchMenuId, 1622157660997,
SearchMenuId, 1622157660997,
SearchMenuId, 1622157660997,
SearchMenuId, 1622157665877,
createProduct, 1622157668261,
SearchMenuId, 1622157694561,
PrintProducts, 1622157694561,
SearchMenuId, 1622157970241,
SearchMenuId, 1622157970241,
SearchMenuId, 1622157970241,
SearchMenuId, 1622157970241,
SearchMenuId, 1622157970241,
SearchMenuId, 1622157970241,
SearchMenuId, 1622157970241,
SearchMenuId, 1622157970241,
SearchMenuId, 1622157970241,
SearchMenuId, 1622157970241,
SearchMenuId, 1622157970241,
SearchMenuId, 1622157970241,
SearchMenuId, 1622157970241,
SearchMenuId, 1622157970241,
SearchMenuId, 1622157970241,
SearchMenuId, 1622157975573,
PrintProducts, 1622157975588,
SearchMenuId, 1622157982732,
createProduct, 1622157985954,
SearchMenuId, 1622157996779,
PrintProducts, 1622157996779,
SearchMenuId, 1622158013079,
SearchMenuId, 1622158013079,
SearchMenuId, 1622158013079,
SearchMenuId, 1622158013079,
SearchMenuId, 1622158013079,
SearchMenuId, 1622158013079,
SearchMenuId, 1622158013079,
SearchMenuId, 1622158013079,
SearchMenuId, 1622158013079,
SearchMenuId, 1622158013079,
SearchMenuId, 1622158013094,
SearchMenuId, 1622158013094,
SearchMenuId, 1622158013094,
SearchMenuId, 1622158013094,
SearchMenuId, 1622158013094,
SearchMenuId, 1622158018563,
PrintProducts, 1622158018563,
SearchMenuId, 1622158049268,
SearchMenuId, 1622158049283,
SearchMenuId, 1622158049283,
SearchMenuId, 1622158049283,
SearchMenuId, 1622158049283,
SearchMenuId, 1622158049283,
SearchMenuId, 1622158049283,
SearchMenuId, 1622158049283,
SearchMenuId, 1622158049283,
SearchMenuId, 1622158049283,
SearchMenuId, 1622158049283,
SearchMenuId, 1622158049283,
SearchMenuId, 1622158049283,
SearchMenuId, 1622158049283,
SearchMenuId, 1622158049283,
MenusCost, 1622158052675,
SearchMenuId, 1622158060744,
PrintProducts, 1622158060744,
SearchMenuId, 1622158068388,
PrintProducts, 1622158068388,
SearchMenuId, 1622158075557,
SearchMenuId, 1622158443399,
SearchMenuId, 1622158443399,
SearchMenuId, 1622158443414,
SearchMenuId, 1622158443414,
SearchMenuId, 1622158443414,
SearchMenuId, 1622158443414,
SearchMenuId, 1622158443414,
SearchMenuId, 1622158443414,
SearchMenuId, 1622158443414,
SearchMenuId, 1622158443414,
SearchMenuId, 1622158443414,
SearchMenuId, 1622158443414,
SearchMenuId, 1622158443414,
SearchMenuId, 1622158478821,
SearchMenuId, 1622158478821,
SearchMenuId, 1622158478821,
SearchMenuId, 1622158478821,
SearchMenuId, 1622158478821,
SearchMenuId, 1622158478821,
SearchMenuId, 1622158478821,
SearchMenuId, 1622158478821,
SearchMenuId, 1622158478821,
SearchMenuId, 1622158478821,
SearchMenuId, 1622158478821,
SearchMenuId, 1622158478821,
SearchMenuId, 1622158478821,
SearchMenuId, 1622158478821,
SearchMenuId, 1622158478821,
SearchMenuId, 1622158533241,
SearchMenuId, 1622158533241,
SearchMenuId, 1622158533241,
SearchMenuId, 1622158533241,
SearchMenuId, 1622158533241,
SearchMenuId, 1622158533241,
SearchMenuId, 1622158533241,
SearchMenuId, 1622158533241,
SearchMenuId, 1622158533241,
SearchMenuId, 1622158533241,
SearchMenuId, 1622158533241,
SearchMenuId, 1622158533241,
SearchMenuId, 1622158533241,
SearchMenuId, 1622158533241,
SearchMenuId, 1622158533241,
SearchMenuId, 1622158539903,
PrintProducts, 1622158539903,
SearchMenuId, 1622158554132,
Command, 1622158554132,
MenusCost, 1622158564821,
MostOrderedFood, 1622158570599,
MenuHasProductById, 1622158587077,
SearchMenuId, 1622158587077,
MenuHasProductById, 1622158597337,
SearchMenuId, 1622158597337,
MenuHasProductByName, 1622158615466,
SearchMenuId, 1622158615466,
SearchMenuId, 1622158628383,
SortProducts, 1622158628383,
SearchMenuId, 1622158636505,
PrintProducts, 1622158636505,
SearchMenuId, 1622158676427,
SearchMenuId, 1622158676427,
SearchMenuId, 1622158676427,
SearchMenuId, 1622158676427,
SearchMenuId, 1622158676427,
SearchMenuId, 1622158676427,
SearchMenuId, 1622158676427,
SearchMenuId, 1622158676427,
SearchMenuId, 1622158676427,
SearchMenuId, 1622158676427,
SearchMenuId, 1622158676427,
SearchMenuId, 1622158676427,
SearchMenuId, 1622158676427,
SearchMenuId, 1622158676427,
SearchMenuId, 1622158676427,
SearchMenuId, 1622158686327,
SearchMenuId, 1622158698958,
SearchMenuId, 1622158698964,
SearchMenuId, 1622158698964,
SearchMenuId, 1622158698964,
SearchMenuId, 1622158698964,
SearchMenuId, 1622158698964,
SearchMenuId, 1622158698964,
SearchMenuId, 1622158698964,
SearchMenuId, 1622158698964,
SearchMenuId, 1622158698964,
SearchMenuId, 1622158698964,
SearchMenuId, 1622158698964,
SearchMenuId, 1622158698964,
SearchMenuId, 1622158698964,
SearchMenuId, 1622158698964,
SearchMenuId, 1622158705152,
PrintProducts, 1622158705167,
SearchMenuId, 1622158710547,
createProduct, 1622158712507,
SearchMenuId, 1622158721150,
createProduct, 1622158722829,
MenusCost, 1622158773437,
createMenu, 1622158794689,
MenusCost, 1622158798099,
SearchMenuId, 1622158807527,
SearchMenuId, 1622158807527,
SearchMenuId, 1622158807527,
SearchMenuId, 1622158807527,
SearchMenuId, 1622158807527,
SearchMenuId, 1622158807527,
SearchMenuId, 1622158807527,
SearchMenuId, 1622158807527,
SearchMenuId, 1622158807543,
SearchMenuId, 1622158807543,
SearchMenuId, 1622158807543,
SearchMenuId, 1622158807543,
SearchMenuId, 1622158807543,
SearchMenuId, 1622158807543,
SearchMenuId, 1622158807543,
SearchMenuId, 1622158807543,
SearchMenuId, 1622158807543,
